Code,Numero,Nom,PV,Att,Def,AS,DS,Vit,Total,Moyenne
1,1,Bulbizarre,45,49,49,65,65,45,318,53
2,2,Herbizarre,60,62,63,80,80,60,405,67.5
3,3,Florizarre,80,82,83,100,100,80,525,87.5
4,3,Méga-Florizarre,80,100,123,122,120,80,625,104.17 
5,4,Salamèche,39,52,43,60,50,65,309,51.5
6,5,Reptincel,58,64,58,80,65,80,405,67.5
7,6,Dracaufeu,78,84,78,109,85,100,534,89
8,6,Méga-Dracaufeu X,78,130,111,130,85,100,634,105.67
9,6,Méga-Dracaufeu Y,78,104,78,159,115,100,634,105.67 
10,7,Carapuce,44,48,65,50,64,43,314,52.33
11,8,Carabaffe,59,63,80,65,80,58,405,67.5
12,9,Tortank,79,83,100,85,105,78,530,88.33
13,9,Méga-Tortank,79,103,120,135,115,78,630,105
14,10,Chenipan,45,30,35,20,20,45,195,32.5
15,11,Chrysacier,50,20,55,25,25,30,205,34.17
16,12,Papilusion,60,45,50,90,80,70,395,65.83
17,13,Aspicot,40,35,30,20,20,50,195,32.5
18,14,Coconfort,45,25,50,25,25,35,205,34.17
19,15,Dardargnan,65,90,40,45,80,75,395,65.83
20,15,Méga-Dardargnan,65,150,40,15,80,145,495,82.5
21,16,Roucool,40,45,40,35,35,56,251,41.83
22,17,Roucoups,63,60,55,50,50,71,349,58.17
23,18,Roucarnage,83,80,75,70,70,101,479,79.83
24,18,Méga-Roucarnage,83,80,80,135,80,121,579,96.5
25,19,Rattata,30,56,35,25,35,72,253,42.17
26,19,Rattata d'Alola,30,56,35,25,35,72,253,42.17
27,20,Rattatac,55,81,60,50,70,97,413,68.83
28,20,Rattatac d'Alola,75,71,70,40,80,77,413,68.83
29,21,Piafabec,40,60,30,31,31,70,262,43.67
30,22,Rapasdepic,65,90,65,61,61,100,442,73.67
31,23,Abo,35,60,44,40,54,55,288,48
32,24,Arbok,60,95,69,65,79,80,448,74.6
33,25,Pikachu,35,55,40,50,50,90,320,53.33
34,25,Pikachu (Partenaire),45,80,50,75,60,120,430,71.67
35,26,Raichu,60,90,55,90,80,110,485,80.83
36,26,Raichu d'Alola,60,85,50,95,85,110,485,80.83
37,27,Sabelette,50,75,85,20,30,40,300,50
38,27,Sabelette d'Alola,50,75,90,10,35,40,300,50
39,28,Sablaireau,75,100,110,45,55,65,450,75
40,28,Sablaireau d'Alola,75,100,120,25,65,65,450,65
41,29,Nidoran (femelle),55,47,52,40,40,41,275,45.83
42,30,Nidorina,70,62,67,55,55,56,365,60.83
43,31,Nidoqueen,90,92,87,75,85,76,505,84.17
44,32,Nidoran (mâle),46,57,40,40,40,50,273,45.5
45,33,Nidorino,61,72,57,55,55,65,365,60.83
46,34,Nidoking,81,102,77,85,75,85,505,84.17
47,35,Mélofée,70,45,48,60,65,35,323,53.83
48,36,Mélodelfe,95,70,73,95,90,60,483,80.5
49,37,Goupix,38,41,40,50,65,65,299,49.83
50,37,Goupix d'Alola,38,41,40,50,65,65,299,49.83
51,38,Feunard,73,76,75,81,100,100,505,84.17
52,38,Feunard d'Alola,73,67,75,81,100,109,505,84.17
53,39,Rondoudou,115,45,20,45,25,20,270,45
54,40,Grodoudou,140,70,45,85,50,45,435,72.5
55,41,Nosferapti,40,45,35,30,40,55,245,40.83
56,42,Nosferalto,75,80,70,65,75,90,455,75.83
57,43,Mystherbe,45,50,55,75,65,30,320,53.33
58,44,Ortide,60,65,70,85,75,40,395,65.83
59,45,Rafflesia,75,80,85,110,90,50,490,81.67
60,46,Paras,35,70,55,45,55,25,285,47.5
61,47,Parasect,60,95,80,60,80,30,405,67.5
62,48,Mimitoss,60,55,50,40,55,45,305,50.83
63,49,Aéromite,70,65,60,90,75,90,450,75
64,50,Taupiqueur,10,55,25,35,45,95,265,44.17
65,50,Taupiqueur d'Alola,10,55,30,35,45,90,265,44.17
66,51,Triopikeur,35,100,50,50,70,120,425,70.83
67,51,Triopikeur d'Alola,35,100,60,50,70,110,425,70.83
68,52,Miaouss,40,45,35,40,40,90,290,48.33
69,52,Miaouss d'Alola,40,35,35,50,40,90,290,48.33
70,52,Miaouss de Galar,50,65,55,40,40,40,290,48.33
71,53,Persian,65,70,60,65,65,115,440,73.33
72,53,Persian d'Alola,65,60,60,75,65,115,440,73.33
73,54,Psykokwak,50,52,48,65,50,55,320,53.33
74,55,Akwakwak,80,82,78,95,80,85,500,83.33
75,56,Férosinge,40,80,35,35,45,70,305,50.83
76,57,Colossinge,65,105,60,60,70,95,455,75.83
77,58,Caninos,55,70,45,70,50,60,350,58.33
78,59,Arcanin,90,110,80,100,80,95,555,92.5
79,60,Ptitard,40,50,40,40,40,90,300,50
80,61,Têtarte,65,65,65,50,50,90,385,64.17
81,62,Tartard,90,95,95,70,90,70,510,85
82,63,Abra,25,20,15,105,55,90,310,51.67
83,64,Kadabra,40,35,30,120,70,105,400,66.67
84,65,Alakazam,55,50,45,135,95,120,500,83.33
85,65,Méga-Alakazam,55,50,65,175,105,150,600,100
86,66,Machoc,70,80,50,35,35,35,305,50.83
87,67,Machopeur,80,100,70,50,60,45,405,67.5
88,68,Mackogneur,90,130,80,65,85,55,505,84.17
89,69,Chétiflor,50,75,35,70,30,40,300,50
90,70,Boustiflor,65,90,50,85,45,55,390,65
91,71,Empiflor,80,105,65,100,70,70,490,81.67
92,72,Tentacool,40,40,35,50,100,70,335,55.83
93,73,Tentacruel,80,70,65,80,120,100,515,85.83
94,74,Racaillou,40,80,100,30,30,20,300,50
95,74,Racaillou d'Alola,40,80,100,30,30,20,300,50
96,75,Gravalanch,55,95,115,45,45,35,390,65
97,75,Gravalanch d'Alola,55,95,115,45,45,35,390,65
98,76,Grolem,80,120,130,55,65,45,495,82.5
99,76,Grolem d'Alola,80,120,130,55,65,45,495,82.5
100,77,Ponyta,50,85,55,65,65,90,410,68.33
101,77,Ponyta de Galar,50,85,55,65,65,90,410,68.33
102,78,Galopa,65,100,70,80,80,105,500,83.33
103,78,Galopa de Galar,65,100,70,80,80,105,500,83.33
104,79,Ramoloss,90,65,65,40,40,15,315,52.5
105,79,Ramoloss de Galar,90,65,65,40,40,15,315,52.5
106,80,Flagadoss,95,75,110,100,80,30,490,81.67
107,80,Méga-Flagadoss,95,75,180,130,80,30,590,98.33
108,80,Flagadoss de Galar,95,100,95,100,70,30,490,81.67
109,81,Magnéti,25,35,70,95,55,45,325,54.17
110,82,Magnéton,50,60,95,120,70,70,465,77.5
111,83,Canarticho,52,90,55,58,62,60,377,62.83
112,83,Canarticho de Galar,52,95,55,58,62,55,377,62.83
113,84,Doduo,35,85,45,35,35,75,310,51.67
114,85,Dodrio,60,110,70,60,60,110,470,78.33
115,86,Otaria,65,45,55,45,70,45,325,54.17
116,87,Lamantine,90,70,80,70,95,70,475,79.17
117,88,Tadmorv,80,80,50,40,50,25,325,54.17
118,88,Tadmorv d'Alola,80,80,50,40,50,25,325,54.17
119,89,Grotadmorv,105,105,75,65,100,50,500,83.33
120,89,Grotadmorv d'Alola,105,105,75,65,100,50,500,83.33
121,90,Kokiyas,30,65,100,45,25,40,305,50.83
122,91,Crustabri,50,95,180,85,45,70,525,87.5
123,92,Fantominus,30,35,30,100,35,80,310,51.67
124,93,Spectrum,45,50,45,115,55,95,405,67.5
125,94,Ectoplasma,60,65,60,130,75,110,500,83.33
126,94,Méga-Ectoplasma,60,65,80,170,95,130,600,100
127,95,Onix,35,45,160,30,45,70,385,64.17
128,96,Soporifik,60,48,45,43,90,42,328,54.67
129,97,Hypnomade,85,73,70,73,115,67,483,80.5
130,98,Krabby,30,105,90,25,25,50,325,54.17
131,99,Krabboss,55,130,115,50,50,75,475,79.17
132,100,Voltorbe,40,30,50,55,55,100,330,55
133,101,Électrode,60,50,70,80,80,150,490,81.67
134,102,Noeunoeuf,60,40,80,60,45,40,325,54.17
135,103,Noadkoko,95,95,85,125,75,55,530,88.33
136,103,Noadkoko d'Alola,95,105,85,125,75,45,530,88.33
137,104,Osselait,50,50,95,40,50,35,320,53.33
138,105,Ossatueur,60,80,110,50,80,45,425,70.83
139,105,Ossatueur d'Alola,60,80,110,50,80,45,425,70.83
140,106,Kicklee,50,120,53,35,110,87,455,75.83
141,107,Tygnon,50,105,79,35,110,76,455,75.83
142,108,Excelangue,90,55,75,60,75,30,385,64.17
143,109,Smogo,40,65,95,60,45,35,340,56.67
144,110,Smogogo,65,90,120,85,70,60,490,81.67
145,110,Smogogo de Galar,65,90,120,85,70,60,490,81.67
146,111,Rhinocorne,80,85,95,30,30,25,345,57.5
147,112,Rhinoféros,105,130,120,45,45,40,485,80.83
148,113,Leveinard,250,5,5,35,105,50,450,75
149,114,Saquedeneu,65,55,115,100,40,60,435,72.5
150,115,Kangourex,105,95,80,40,80,90,490,81.67
151,115,Méga-Kangourex,105,125,100,60,100,100,590,98.33
152,116,Hypotrempe,30,40,70,70,25,60,295,48.17
153,117,Hypocéan,55,65,95,95,45,85,440,73.33
154,118,Poissirène,45,67,60,35,50,63,320,53.33
155,119,Poissoroy,80,92,65,65,80,68,450,75
156,120,Stari,30,45,55,70,55,85,340,56.67
157,121,Staross,60,75,85,100,85,115,520,86.67
158,122,M. Mime,40,45,65,100,120,90,460,76.67
159,122,M. Mime de Galar,50,65,65,90,90,100,460,76.67
160,123,Insécateur,70,110,80,55,80,105,500,83.33
161,124,Lippoutou,65,50,35,115,95,95,455,75.83
162,125,Élektek,65,83,57,95,85,105,490,81.67
163,126,Magmar,65,95,57,100,85,93,495,82.5
164,127,Scarabrute,65,125,100,55,70,85,500,83.33
165,127,Méga-Scarabrute,65,155,120,65,90,105,600,100
166,128,Tauros,75,100,95,40,70,110,490,81.67
167,129,Magicarpe,20,10,55,15,20,80,200,33.33
168,130,Léviator,95,125,79,60,100,81,540,90
169,130,Méga-Léviator,95,155,109,70,130,81,640,106.67
170,131,Lokhlass,130,85,80,85,95,60,535,89.17
171,132,Métamorph,48,48,48,48,48,48,288,48
172,133,Évoli,55,55,50,45,65,55,325,54.17
173,133,Évoli (Partenaire),65,75,70,65,85,75,435,72.5
174,134,Aquali,130,65,60,110,95,65,525,87.5
175,135,Voltali,65,65,60,110,95,130,525,87.5
176,136,Pyroli,65,130,60,95,110,65,525,87.5
177,137,Porygon,65,60,70,85,75,40,395,65.83
178,138,Amonita,35,40,100,90,55,35,355,59.17
179,139,Amonistar,70,60,125,115,70,55,495,82.5
180,140,Kabuto,30,80,90,55,45,55,355,59.17
181,141,Kabutops,60,115,105,65,70,80,495,82.5
182,142,Ptéra,80,105,65,60,75,130,515,85.83
183,142,Méga-Ptéra,80,135,85,70,95,150,615,102.5
184,143,Ronflex,160,110,65,65,110,30,540,90
185,144,Artikodin,90,85,100,95,125,85,580,96.67
186,144,Artikodin de Galar,90,85,85,125,100,95,580,96.67
187,145,Électhor,90,90,85,125,90,100,580,96.67
188,145,Électhor de Galar,90,125,90,85,90,100,580,96.67
189,146,Sulfura,90,100,90,125,85,90,580,96.67
190,146,Sulfura de Galar,90,85,90,100,125,90,580,96.67
191,147,Minidraco,41,64,45,50,50,50,300,50
192,148,Draco,61,84,65,70,70,70,420,70
193,149,Dracolosse,91,134,95,100,100,80,600,100
194,150,Mewtwo,106,110,90,154,90,130,680,113.33
195,150,Méga-Mewtwo X,106,190,100,154,100,130,780,130
196,150,Méga-Mewtwo Y,106,150,70,194,120,140,780,130
197,151,Mew,100,100,100,100,100,100,600,100
198,152,Germignon,45,49,65,49,65,45,318,53
199,153,Macronium,60,62,80,63,80,60,405,67.5
200,154,Méganium,80,82,100,83,100,80,525,87.5
201,155,Héricendre,39,52,43,60,50,65,309,51.5
202,156,Feurisson,58,64,58,80,65,80,405,67.5
203,157,Typhlosion,78,84,78,109,85,100,534,89
204,158,Kaiminus,50,65,64,44,48,43,314,52.33
205,159,Crocrodil,65,80,80,59,63,58,405,67.5
206,160,Aligatueur,85,105,100,79,83,78,530,88.33
207,161,Fouinette,35,46,34,35,45,20,215,35.83
208,162,Fouinar,85,76,64,45,55,90,415,69.17
209,163,Hoothoot,60,30,30,36,56,50,262,43.67
210,164,Noarfang,100,50,50,86,96,70,452,75.33
211,165,Coxy,40,20,30,40,80,55,265,44.17
212,166,Coxyclaque,55,35,50,55,110,85,390,65
213,167,Mimigal,40,60,40,40,40,30,250,41.67
214,168,Migalos,70,90,70,60,70,40,400,66.67
215,169,Nostenfer,85,90,80,70,80,130,535,89.17
216,170,Loupio,75,38,38,56,56,67,330,55
217,171,Lanturn,125,58,58,76,76,67,460,76.67
218,172,Pichu,20,40,15,35,35,60,205,34.17
219,173,Mélo,50,25,28,45,55,15,218,36.33
220,174,Toudoudou,90,30,15,40,20,15,210,35
221,175,Togepi,35,20,65,40,65,20,245,40.83
222,176,Togetic,55,40,85,80,105,40,405,67.5
223,177,Natu,40,50,45,70,45,70,320,53.33
224,178,Xatu,65,75,70,95,70,95,470,78.33
225,179,Wattouat,55,40,40,65,45,35,280,46.67
226,180,Lainergie,70,55,55,80,60,45,365,60.83
227,181,Pharamp,90,75,85,115,90,55,510,85
228,181,Méga-Pharamp,90,95,105,165,110,45,610,101.67
229,182,Joliflor,75,80,95,90,100,50,490,81.67
230,183,Marill,70,20,50,20,50,40,250,41.67
231,184,Azumarill,100,50,80,60,80,50,420,70
232,185,Simularbre,70,100,115,30,65,30,410,68.33
233,186,Tarpaud,90,75,75,90,100,70,500,83.33
234,187,Granivol,35,35,40,35,55,50,250,41.67
235,188,Floravol,55,45,50,45,65,80,340,56.67
236,189,Cotovol,75,55,70,55,95,110,460,76.67
237,190,Capumain,55,70,55,40,55,85,360,60
238,191,Tournegrin,30,30,30,30,30,30,180,30
239,192,Héliatronc,75,75,55,105,85,30,425,70.83
240,193,Yanma,65,65,45,75,45,95,390,65
241,194,Axoloto,55,45,45,25,25,15,210,35
242,195,Maraiste,95,85,85,65,65,35,430,71.67
243,196,Mentali,65,65,60,130,95,110,525,87.5
244,197,Noctali,95,65,110,60,130,65,525,87.5
245,198,Cornèbre,60,85,42,85,42,91,405,67.5
246,199,Roigada,95,75,80,100,110,30,490,81.67
247,199,Roigada de Galar,95,65,80,110,110,30,490,81.67
248,200,Feuforêve,60,60,60,85,85,85,435,72.5
249,201,Zarbi,48,72,48,72,48,48,336,56
250,202,Qulbutoké,190,33,58,33,58,33,405,67.5
251,203,Girafarig,70,80,65,90,65,85,455,75.83
252,204,Pomdepik,50,65,90,35,35,15,290,48.33
253,205,Foretress,75,90,140,60,60,40,465,77.5
254,206,Insolourdo,100,70,70,65,65,45,415,69.17
255,207,Scorplane,65,75,105,35,65,85,430,71.67
256,208,Steelix,75,85,200,55,65,30,510,85
257,208,Méga-Steelix,75,125,230,55,95,30,610,101.67
258,209,Snubbull,60,80,50,40,40,30,300,50
259,210,Granbull,90,120,75,60,60,45,450,75
260,211,Qwilfish,65,95,85,55,55,85,440,73.33
261,212,Cizayox,70,130,100,55,80,65,500,83.33
262,212,Méga-Cizayox,70,150,140,65,100,75,600,100
263,213,Caratroc,20,10,230,10,230,5,505,84.17
264,214,Scarhino,80,125,75,40,95,85,500,83.33
265,214,Méga-Scarhino,80,185,115,40,105,75,600,100
266,215,Farfuret,55,95,55,35,75,115,430,71.67
267,216,Teddiursa,60,80,50,50,50,40,330,55
268,217,Ursaring,90,130,75,75,75,55,500,83.33
269,218,Limagma,40,40,40,70,40,20,250,41.67
270,219,Volcaropod,60,50,120,90,80,30,430,71.67
271,220,Marcacrin,50,50,40,30,30,50,250,41.67
272,221,Cochignon,100,100,80,60,60,50,450,75
273,222,Corayon,65,55,95,65,95,35,410,68.33
274,222,Corayon de Galar,60,55,100,65,100,30,410,68.33
275,223,Rémoraid,35,65,35,65,35,65,300,50
276,224,Octillery,75,105,75,105,75,45,480,80
277,225,Cadoizo,45,55,45,65,45,75,330,55
278,226,Démanta,85,40,70,80,140,70,485,80.83
279,227,Airmure,65,80,140,40,70,70,465,77.5
280,228,Malosse,45,60,30,80,50,65,330,55
281,229,Démolosse,75,90,50,110,80,95,500,83.33
282,229,Méga-Démolosse,75,90,90,140,90,115,600,100
283,230,Hyporoi,75,95,95,95,95,85,540,90
284,231,Phanpy,90,60,60,40,40,40,330,55
285,232,Donphan,90,120,120,60,60,50,500,83.33
286,233,Porygon2,85,80,90,105,95,60,515,85.83
287,234,Cerfrousse,73,95,62,85,65,85,465,77.5
288,235,Queulorior,55,20,35,20,45,75,250,41.67
289,236,Debugant,35,35,35,35,35,35,210,35
290,237,Kapoera,50,95,95,35,110,70,455,75.83
291,238,Lippouti,45,30,15,85,65,65,305,50.83
292,239,Élekid,45,63,37,65,55,95,360,60
293,240,Magby,45,75,37,70,55,83,365,60.83
294,241,Écrémeuh,95,80,105,40,70,100,490,81.67
295,242,Leuphorie,255,10,10,75,135,55,540,90
296,243,Raikou,90,85,75,115,100,115,580,96.67
297,244,Entei,115,115,85,90,75,100,580,96.67
298,245,Suicune,100,75,115,90,115,85,580,96.67
299,246,Embrylex,50,64,50,45,50,41,300,50
300,247,Ymphect,70,84,70,65,70,51,410,68.33
301,248,Tyranocif,100,134,110,95,100,61,600,100
302,248,Méga-Tyranocif,100,164,150,95,120,71,700,116.67
303,249,Lugia,106,90,130,90,154,110,680,113.33
304,250,Ho-Oh,106,130,90,110,154,90,680,113.33
305,251,Celebi,100,100,100,100,100,100,600,100
306,252,Arcko,40,45,35,65,55,70,310,51.67
307,253,Massko,50,65,45,85,65,95,405,67.5
308,254,Jungko,70,85,65,105,85,120,530,88.33
309,254,Méga-Jungko,70,110,75,145,85,145,630,105
310,255,Poussifeu,45,60,40,70,50,45,310,51.67
311,256,Galifeu,60,85,60,85,60,55,405,67.5
312,257,Braségali,80,120,70,110,70,80,530,88.33
313,257,Méga-Braségali,80,160,80,130,80,100,630,105
314,258,Gobou,50,70,50,50,50,40,310,51.67
315,259,Flobio,70,85,70,60,70,50,405,67.5
316,260,Laggron,100,110,90,85,90,60,535,89.17
317,260,Méga-Laggron,100,150,110,95,110,70,635,105.83
318,261,Medhyèna,35,55,35,30,30,35,220,36.67
319,262,Grahyèna,70,90,70,60,60,70,420,70
320,263,Zigzaton,38,30,41,30,41,60,240,40
321,263,Zigzaton de Galar,38,30,41,30,41,60,240,40
322,264,Linéon,78,70,61,50,61,100,420,70
323,264,Linéon de Galar,78,70,61,50,61,100,420,70
324,265,Chenipotte,45,45,35,20,30,20,195,32.5
325,266,Armulys,50,35,55,25,25,15,205,34.17
326,267,Charmillon,60,70,50,100,50,65,395,65.83
327,268,Blindalys,50,35,55,25,25,15,205,34.17
328,269,Papinox,60,50,70,50,90,65,385,64.17
329,270,Nénupiot,40,30,30,40,50,30,220,36.67
330,271,Lombre,60,50,50,60,70,50,340,56.67
331,272,Ludicolo,80,70,70,90,100,70,480,80
332,273,Grainipiot,40,40,50,30,30,30,220,36.67
333,274,Pifeuil,70,70,40,60,40,60,340,56.67
334,275,Tengalice,90,100,60,90,60,80,480,80
335,276,Nirondelle,40,55,30,30,30,85,270,45
336,277,Hélédelle,60,85,60,75,50,125,455,75.83
337,278,Goélise,40,30,30,55,30,85,270,45
338,279,Bekipan,60,50,100,95,70,65,440,73.33
339,280,Tarsal,28,25,25,45,35,40,198,33
340,281,Kirlia,38,35,35,65,55,50,278,46.33
341,282,Gardevoir,68,65,65,125,115,80,518,86.33
342,282,Méga-Gardevoir,68,85,65,165,135,100,618,103
343,283,Arakdo,40,30,32,50,52,65,269,44.83
344,284,Maskadra,70,60,62,100,82,80,454,75.67
345,285,Balignon,60,40,60,40,60,35,295,49.17
346,286,Chapignon,60,130,80,60,60,70,460,76.67
347,287,Parecool,60,60,60,35,35,30,280,46.67
348,288,Vigoroth,80,80,80,55,55,90,440,77.33
349,289,Monaflèmit,150,160,100,95,65,100,670,111.67
350,290,Ningale,31,45,90,30,30,40,266,44.33
351,291,Ninjask,61,90,45,50,50,160,456,76
352,292,Munja,1,90,45,30,30,40,236,39.33
353,293,Chuchmur,64,51,23,51,23,28,240,40
354,294,Ramboum,84,71,43,71,43,48,360,60
355,295,Brouhabam,104,91,63,91,73,68,490,81.67
356,296,Makuhita,72,60,30,20,30,25,237,39.5
357,297,Hariyama,144,120,60,40,60,50,474,79
358,298,Azurill,50,20,40,20,40,20,190,31.67
359,299,Tarinor,30,45,135,45,90,30,375,62.5
360,300,Skitty,50,45,45,35,35,50,260,43.33
361,301,Delcatty,70,65,65,55,55,90,400,66.67
362,302,Ténéfix,50,75,75,65,65,50,380,63.33
363,302,Méga-Ténéfix,50,85,125,85,115,20,480,80
364,303,Mysdibule,50,85,85,55,55,50,380,63.33
365,303,Méga-Mysdibule,50,105,125,55,95,50,480,80
366,304,Galekid,50,70,100,40,40,30,330,55
367,305,Galegon,60,90,140,50,50,40,430,71.67
368,306,Galeking,70,110,180,60,60,50,530,88.33
369,306,Méga-Galeking,70,140,230,60,80,50,630,105
370,307,Méditikka,30,40,55,40,55,60,280,46.67
371,308,Charmina,60,60,75,60,75,80,410,68.33
372,308,Méga-Charmina,60,100,85,80,85,100,510,85
373,309,Dynavolt,40,45,40,65,40,65,295,49.17
374,310,Élecsprint,70,75,60,105,60,105,475,79.17
375,310,Méga-Élecsprint,70,75,80,135,80,135,575,95.83
376,311,Posipi,60,50,40,85,75,95,405,67.5
377,312,Négapi,60,40,50,75,85,95,405,67.5
378,313,Muciole,65,73,75,47,85,85,430,71.67
379,314,Lumivole,65,47,75,73,85,85,430,71.67
380,315,Rosélia,50,60,45,100,80,65,400,66.67
381,316,Gloupti,70,43,53,43,53,40,302,50.33
382,317,Avaltout,100,73,83,73,83,55,467,77.83
383,318,Carvanha,45,90,20,65,20,65,305,50.83
384,319,Sharpedo,70,120,40,95,40,95,460,76.67
385,319,Méga-Sharpedo,70,140,70,110,65,105,560,93.33
386,320,Wailmer,130,70,35,70,35,60,400,66.67
387,321,Wailord,170,90,45,90,45,60,500,83.33
388,322,Chamallot,60,60,40,65,45,35,305,50.83
389,323,Camérupt,70,100,70,105,75,40,460,76.67
390,323,Méga-Camérupt,70,120,100,145,105,20,560,93.33
391,324,Chartor,70,85,140,85,70,20,470,78.33
392,325,Spoink,60,25,35,70,80,60,330,55
393,326,Groret,80,45,65,90,110,80,470,78.33
394,327,Spinda,60,60,60,60,60,60,360,60
395,328,Kraknoix,45,100,45,45,45,10,290,48.33
396,329,Vibraninf,50,70,50,50,50,70,340,56.67
397,330,Libégon,80,100,80,80,80,100,520,86.67
398,331,Cacnea,50,85,40,85,40,35,335,55.83
399,332,Cacturne,70,115,60,115,60,55,475,79.17
400,333,Tylton,45,40,60,40,75,50,310,51.67
401,334,Altaria,75,70,90,70,105,80,490,81.67
402,334,Méga-Altaria,75,110,110,110,105,80,590,98.33
403,335,Mangriff,73,115,60,60,60,90,458,76.33
404,336,Séviper,73,100,60,100,60,65,458,76.33
405,337,Séléroc,90,55,65,95,85,70,460,76.67
406,338,Solaroc,90,95,85,55,65,70,460,76.67
407,339,Barloche,50,48,43,46,41,60,288,48
408,340,Barbicha,110,78,73,76,71,60,468,78
409,341,Écrapince,43,80,65,50,35,35,308,51.33
410,342,Colhomard,63,120,85,90,55,55,468,78
411,343,Balbuto,40,40,55,40,70,55,300,50
412,344,Kaorine,60,70,105,70,120,75,500,83.33
413,345,Lilia,66,41,77,61,87,23,355,59.17
414,346,Vacilys,86,81,97,81,107,43,495,82.5
415,347,Anorith,45,95,50,40,50,75,355,59.17
416,348,Armaldo,75,125,100,70,80,45,495,82.5
417,349,Barpau,20,15,20,10,55,80,200,33.33
418,350,Milobellus,95,60,79,100,125,81,540,90
419,351,Morphéo,70,70,70,70,70,70,420,70
420,352,Kecleon,60,90,70,60,120,40,440,73.33
421,353,Polichombr,44,75,35,63,33,45,295,49.17
422,354,Branette,64,115,65,83,63,65,455,75.83
423,354,Méga-Branette,64,165,75,93,83,75,555,92.5
424,355,Skelénox,20,40,90,30,90,25,295,49.17
425,356,Téraclope,40,70,130,60,130,25,455,75.83
426,357,Tropius,99,68,83,72,87,51,460,76.67
427,358,Éoko,75,50,80,95,90,65,455,75.83
428,359,Absol,65,130,60,75,60,75,465,77.5
429,359,Méga-Absol,65,150,60,115,60,115,565,94.17
430,360,Okéoké,95,23,48,23,48,23,260,43.33
431,361,Stalgamin,50,50,50,50,50,50,300,50
432,362,Oniglali,80,80,80,80,80,80,480,80
433,362,Méga-Oniglali,80,120,80,120,80,100,580,96.67
434,363,Obalie,70,40,50,55,50,25,290,48.33
435,364,Phogleur,90,60,70,75,70,45,410,68.33
436,365,Kaimorse,110,80,90,95,90,65,530,88.33
437,366,Coquiperl,35,64,85,74,55,32,345,57.5
438,367,Serpang,55,104,105,94,75,52,485,80.83
439,368,Rosabyss,55,84,105,114,75,52,485,80.83
440,369,Relicanth,100,90,130,45,65,55,485,80.83
441,370,Lovdisc,43,30,55,40,65,97,330,55
442,371,Draby,45,75,60,40,30,50,300,50
443,372,Drackhaus,65,95,100,60,50,50,420,70
444,373,Drattak,95,135,80,110,80,100,600,100
445,373,Méga-Drattak,95,145,130,120,90,120,700,116.67
446,374,Terhal,40,55,80,35,60,30,300,50
447,375,Métang,60,75,100,55,80,50,420,70
448,376,Métalosse,80,135,130,95,90,70,600,100
449,376,Méga-Métalosse,80,145,150,105,110,110,700,116.67
450,377,Regirock,80,100,200,50,100,50,580,96.67
451,378,Regice,80,50,100,100,200,50,580,96.67
452,379,Registeel,80,75,150,75,150,50,580,96.67
453,380,Latias,80,80,90,110,130,110,600,100
454,380,Méga-Latias,80,100,120,140,150,110,700,116.67
455,381,Latios,80,90,80,130,110,110,600,100
456,381,Méga-Latios,80,130,100,160,120,110,700,116.67
457,382,Kyogre,100,100,90,150,140,90,670,111.67
458,382,Primo-Kyogre,100,150,90,180,160,90,770,128.33
459,383,Groudon,100,150,140,100,90,90,670,111.67
460,383,Primo-Groudon,100,180,160,150,90,90,770,128.33
461,384,Rayquaza,105,150,90,150,90,95,680,113.33
462,384,Méga-Rayquaza,105,180,100,180,100,115,780,130
463,385,Jirachi,100,100,100,100,100,100,600,100
464,386,Deoxys (Forme Normale),50,150,50,150,50,150,600,100
465,386,Deoxys (Forme Attaque),50,180,20,180,20,150,600,100
466,386,Deoxys (Forme Défense),50,70,160,70,160,90,600,100
467,386,Deoxys (Forme Vitesse),50,95,90,95,90,180,600,100
468,387,Tortipouss,55,68,64,45,55,31,318,53
469,388,Boskara,75,89,85,55,65,36,405,67.5
470,389,Torterra,95,109,105,75,85,56,525,87.5
471,390,Ouisticram,44,58,44,58,44,61,309,51.5
472,391,Chimpenfeu,64,78,52,78,52,81,405,67.5
473,392,Simiabraz,76,104,71,104,71,108,534,89
474,393,Tiplouf,53,51,53,61,56,40,314,52.33
475,394,Prinplouf,64,66,68,81,76,50,405,67.5
476,395,Pingoléon,84,86,88,111,101,60,530,88.33
477,396,Étourmi,40,55,30,30,30,60,245,40.83
478,397,Étourvol,55,75,50,40,40,80,340,56.67
479,398,Étouraptor,85,120,70,50,60,100,485,80.83
480,399,Keunotor,59,45,40,35,40,31,250,41.67
481,400,Castorno,79,85,60,55,60,71,410,68.33
482,401,Crikzik,37,25,41,25,41,25,194,32.33
483,402,Mélokrik,77,85,51,55,51,65,384,64
484,403,Lixy,45,65,34,40,34,45,263,43.83
485,404,Luxio,60,85,49,60,49,60,363,60.5
486,405,Luxray,80,120,79,95,79,70,523,87.17
487,406,Rozbouton,40,30,35,50,70,55,280,46.67
488,407,Roserade,60,70,65,125,105,90,515,85.83
489,408,Kranidos,67,125,40,30,30,58,350,58.33
490,409,Charkos,97,165,60,65,50,58,495,82.5
491,410,Dinoclier,30,42,118,42,88,30,350,58.33
492,411,Bastiodon,60,52,168,47,138,30,495,82.5
493,412,Cheniti,40,29,45,29,45,36,224,37.33
494,413,Cheniselle (Cape Plante),60,59,85,79,105,36,424,70.67
495,413,Cheniselle (Cape Sable),60,79,105,59,85,36,424,70.67
496,413,Cheniselle (Cape Déchet),60,69,95,69,95,36,424,70.67
497,414,Papilord,70,94,50,94,50,66,424,70.67
498,415,Apitrini,30,30,42,30,42,70,244,40.67
499,416,Apireine,70,80,102,80,102,40,474,79
500,417,Pachirisu,60,45,70,45,90,95,405,67.5
501,418,Mustébouée,55,65,35,60,30,85,330,55
502,419,Mustéflott,85,105,55,85,50,115,495,82.5
503,420,Ceribou,45,35,45,62,53,35,275,45.83
504,421,Ceriflor,70,60,70,87,78,85,450,75
505,422,Sancoki,76,48,48,57,62,34,325,54.17
506,423,Tritosor,111,83,68,92,82,39,475,79.17
507,424,Capidextre,75,100,66,60,66,115,482,80.33
508,425,Baudrive,90,50,34,60,44,70,348,58
509,426,Grodrive,150,80,44,90,54,80,498,83
510,427,Laporeille,55,66,44,44,56,85,350,58.33
511,428,Lockpin,65,76,84,54,96,105,480,80
512,428,Méga-Lockpin,65,136,94,54,96,135,580,96.67
513,429,Magirêve,60,60,60,105,105,105,495,82.5
514,430,Corboss,100,125,52,105,52,71,505,84.17
515,431,Chaglam,49,55,42,42,37,85,310,51.67
516,432,Chaffreux,71,82,64,64,59,112,452,75.33
517,433,Korillon,45,30,50,65,50,45,285,47.5
518,434,Moufouette,63,63,47,41,41,74,329,54.83
519,435,Moufflair,103,93,67,71,61,84,479,79.83
520,436,Archéomire,57,24,86,24,86,23,300,50
521,437,Archéodong,67,89,116,79,116,33,500,83.33
522,438,Manzaï,50,80,95,10,45,10,290,48.33
523,439,Mime Jr.,20,25,45,70,90,60,310,51.67
524,440,Ptiravi,100,5,5,15,65,30,220,36.67
525,441,Pijako,76,65,45,92,42,91,411,68.5
526,442,Spiritomb,50,92,108,92,108,35,485,80.83
527,443,Griknot,58,70,45,40,45,42,300,50
528,444,Carmache,68,90,65,50,55,82,410,68.33
529,445,Carchacrok,108,130,95,80,85,102,600,100
530,445,Méga-Carchacrok,108,170,115,120,95,92,700,116.67
531,446,Goinfrex,135,85,40,40,85,5,390,65
532,447,Riolu,40,70,40,35,40,60,285,47.5
533,448,Lucario,70,110,70,115,70,90,525,87.5
534,448,Méga-Lucario,70,145,88,140,70,112,625,104.17
535,449,Hippopotas,68,72,78,38,42,32,330,55
536,450,Hippodocus,108,112,118,68,72,47,525,87.5
537,451,Rapion,40,50,90,30,55,65,330,55
538,452,Drascore,70,90,110,60,75,95,500,83.33
539,453,Cradopaud,48,61,40,61,40,50,300,50
540,454,Coatox,83,106,65,86,65,85,490,81.67
541,455,Vortente,74,100,72,90,72,46,454,75.67
542,456,Écayon,49,49,56,49,61,66,330,55
543,457,Luminéon,69,69,76,69,86,91,460,76.67
544,458,Babimanta,45,20,50,60,120,50,345,57.5
545,459,Blizzi,60,62,50,62,60,40,334,55.67
546,460,Blizzaroi,90,92,75,92,85,60,494,82.33
547,460,Méga-Blizzaroi,90,132,105,132,105,30,594,99
548,461,Dimoret,70,120,65,45,85,125,510,85
549,462,Magnézone,70,70,115,130,90,60,535,89.17
550,463,Coudlangue,110,85,95,80,95,50,515,85.83
551,464,Rhinastoc,115,140,130,55,55,40,535,89.17
552,465,Bouldeneu,100,100,125,110,50,50,535,89.17
553,466,Élekable,75,123,67,95,85,95,540,90
554,467,Maganon,75,95,67,125,95,83,540,90
555,468,Togekiss,85,50,95,120,115,80,545,90.83
556,469,Yanmega,86,76,86,116,56,95,515,85.83
557,470,Phyllali,65,110,130,60,65,95,525,87.5
558,471,Givrali,65,60,110,130,95,65,525,87.5
559,472,Scorvol,75,95,125,45,75,95,510,85
560,473,Mammochon,110,130,80,70,60,80,530,88.33
561,474,Porygon-Z,85,80,70,135,75,90,535,89.17
562,475,Gallame,68,125,65,65,115,80,518,86.33
563,475,Méga-Gallame,68,165,95,65,115,110,618,103
564,476,Tarinorme,60,55,145,75,150,40,525,87.5
565,477,Noctunoir,45,100,135,65,135,45,525,87.5
566,478,Momartik,70,80,70,80,70,110,480,80
567,479,Motisma (Forme Normale),50,50,77,95,77,91,440,73.33
568,479,Motisma (Forme Chaleur),50,65,107,105,107,86,520,86.67
569,479,Motisma (Forme Lavage),50,65,107,105,107,86,520,86.67
570,479,Motisma (Forme Froid),50,65,107,105,107,86,520,86.67
571,479,Motisma (Forme Tonte),50,65,107,105,107,86,520,86.67
572,479,Motisma (Forme Hélice),50,65,107,105,107,86,520,86.67
573,480,Créhelf,75,75,130,75,130,95,580,96.67
574,481,Créfollet,80,105,105,105,105,80,580,96.67
575,482,Créfadet,75,125,70,125,70,115,580,96.67
576,483,Dialga,100,120,120,150,100,90,680,113.33
577,484,Palkia,90,120,100,150,120,100,680,113.33
578,485,Heatran,91,90,106,130,106,77,600,100
579,486,Regigigas,110,160,110,80,110,100,670,111.67
580,487,Giratina (Forme Alternative),150,100,120,100,120,90,680,113.33
581,487,Giratina (Forme Originelle),150,120,100,120,100,90,680,113.33
582,488,Cresselia,120,70,120,75,130,85,600,100
583,489,Phione,80,80,80,80,80,80,480,80
584,490,Manaphy,100,100,100,100,100,100,600,100
585,491,Darkrai,70,90,90,135,90,125,600,100
586,492,Shaymin (Forme Terrestre),100,100,100,100,100,100,600,100
587,492,Shaymin (Forme Céleste),100,103,75,120,75,127,600,100
588,493,Arceus,120,120,120,120,120,120,720,120
589,494,Victini,100,100,100,100,100,100,600,100
590,495,Vipélierre,45,45,55,45,55,63,308,51.33
591,496,Lianaja,60,60,75,60,75,83,413,68.83
592,497,Majaspic,75,75,95,75,95,113,528,88
593,498,Gruikui,65,63,45,45,45,45,308,51.33
594,499,Grotichon,90,93,55,70,55,55,418,69.67
595,500,Roitiflam,110,123,65,100,65,65,528,88
596,501,Moustillon,55,55,45,63,45,45,308,51.33
597,502,Mateloutre,75,75,60,83,60,60,413,68.83
598,503,Clamiral,95,100,85,108,70,70,528,88
599,504,Ratentif,45,55,39,35,39,42,255,42.5
600,505,Miradar,60,85,69,60,69,77,420,70
601,506,Ponchiot,45,60,45,25,45,55,275,45.83
602,507,Ponchien,65,80,65,35,65,60,370,61.67
603,508,Mastouffe,85,110,90,45,90,80,500,83.33
604,509,Chacripan,41,50,37,50,37,66,281,46.83
605,510,Léopardus,64,88,50,88,50,106,446,74.33
606,511,Feuillajou,50,53,48,53,48,64,316,52.67
607,512,Feuiloutan,75,98,63,98,63,101,498,83
608,513,Flamajou,50,53,48,53,48,64,316,52.67
609,514,Flamoutan,75,98,63,98,63,101,498,83
610,515,Flotajou,50,53,48,53,48,64,316,52.67
611,516,Flotoutan,75,98,63,98,63,101,498,83
612,517,Munna,76,25,45,67,55,24,292,48.67
613,518,Mushana,116,55,85,107,95,29,487,81.17
614,519,Poichigeon,50,55,50,36,30,43,264,44
615,520,Colombeau,62,77,62,50,42,65,358,59.67
616,521,Déflaisan,80,115,80,65,55,93,488,81.33
617,522,Zébibron,45,60,32,50,32,76,295,49.17
618,523,Zéblitz,75,100,63,80,63,116,497,82.83
619,524,Nodulithe,55,75,85,25,25,15,280,46.67
620,525,Géolithe,70,105,105,50,40,20,390,65
621,526,Gigalithe,85,135,130,60,80,25,515,85.83
622,527,Chovsourir,65,45,43,55,43,72,323,53.83
623,528,Rhinolove,67,57,55,77,55,114,425,70.83
624,529,Rototaupe,60,85,40,30,45,68,328,54.67
625,530,Minotaupe,110,135,60,50,65,88,508,84.67
626,531,Nanméouïe,103,60,86,60,86,50,445,74.17
627,531,Méga-Nanméouïe,103,60,126,80,126,50,545,90.83
628,532,Charpenti,75,80,55,25,35,35,305,50.83
629,533,Ouvrifier,85,105,85,40,50,40,405,67.5
630,534,Bétochef,105,140,95,55,65,45,505,84.17
631,535,Tritonde,50,50,40,50,40,64,294,49
632,536,Batracné,75,65,55,65,55,69,384,64
633,537,Crapustule,105,95,75,85,75,74,509,84.83
634,538,Judokrak,120,100,85,30,85,45,465,77.5
635,539,Karaclée,75,125,75,30,75,85,465,77.5
636,540,Larveyette,45,53,70,40,60,42,310,51.67
637,541,Couverdure,55,63,90,50,80,42,380,63.33
638,542,Manternel,75,103,80,70,80,92,500,83.33
639,543,Venipatte,30,45,59,30,39,57,260,43.33
640,544,Scobolide,40,55,99,40,79,47,360,60
641,545,Brutapode,60,100,89,55,69,112,485,80.83
642,546,Doudouvet,40,27,60,37,50,66,280,46.67
643,547,Farfaduvet,60,67,85,77,75,116,480,80
644,548,Chlorobule,45,35,50,70,50,30,280,46.67
645,549,Fragilady,70,60,75,110,75,90,480,80
646,550,Bargantua,70,92,65,80,55,98,460,76.67
647,551,Mascaïman,50,72,35,35,35,65,292,48.67
648,552,Escroco,60,82,45,45,45,74,351,58.5
649,553,Crocorible,95,117,80,65,70,92,519,86.5
650,554,Darumarond,70,90,45,15,45,50,315,52.5
651,554,Darumarond de Galar,70,90,45,15,45,50,315,52.5
652,555,Darumacho,105,140,55,30,55,95,480,80
653,555,Darumacho (Mode Transe),105,30,105,140,105,55,540,90
654,555,Darumacho de Galar,105,140,55,30,55,95,480,80
655,555,Darumacho de Galar (Mode Transe),105,160,55,30,55,135,540,90
656,556,Maracachi,75,86,67,106,67,60,461,76.83
657,557,Crabicoque,50,65,85,35,35,55,325,54.17
658,558,Crabaraque,70,105,125,65,75,45,485,80.83
659,559,Baggiguane,50,75,70,35,70,48,348,58
660,560,Baggaïd,65,90,115,45,115,58,488,81.33
661,561,Cryptéro,72,58,80,103,80,97,490,81.67
662,562,Tutafeh,38,30,85,55,65,30,303,50.5
663,562,Tutafeh de Galar,38,55,85,30,65,30,303,50.5
664,563,Tutankafer,58,50,145,95,105,30,483,80.5
665,564,Carapagos,54,78,103,53,45,22,355,59.17
666,565,Mégapagos,74,108,133,83,65,32,495,82.5
667,566,Arkéapti,55,112,45,74,45,70,401,66.83
668,567,Aéroptéryx,75,140,65,112,65,110,567,94.5
669,568,Miamiasme,50,50,62,40,62,65,329,54.83
670,569,Miasmax,80,95,82,60,82,75,474,79
671,570,Zorua,40,65,40,80,40,65,330,55
672,571,Zoroark,60,105,60,120,60,105,510,85
673,572,Chinchidou,55,50,40,40,40,75,300,50
674,573,Pashmilla,75,95,60,65,60,115,470,78.33
675,574,Scrutella,45,30,50,55,65,45,290,48.33
676,575,Mesmérella,60,45,70,75,85,55,390,65
677,576,Sidérella,70,55,95,95,110,65,490,81.67
678,577,Nucléos,45,30,40,105,50,20,290,48.33
679,578,Méios,65,40,50,125,60,30,370,61.67
680,579,Symbios,110,65,75,125,85,30,490,81.67
681,580,Couaneton,62,44,50,44,50,55,305,50.83
682,581,Lakmécygne,75,87,63,87,63,98,473,78.83
683,582,Sorbébé,36,50,50,65,60,44,305,50.83
684,583,Sorboul,51,65,65,80,75,59,395,65.83
685,584,Sorbouboul,71,95,85,110,95,79,535,89.17
686,585,Vivaldaim,60,60,50,40,50,75,335,55.83
687,586,Haydaim,80,100,70,60,70,95,475,79.17
688,587,Emolga,55,75,60,75,60,103,428,71.33
689,588,Carabing,50,75,45,40,45,60,315,52.5
690,589,Lançargot,70,135,105,60,105,20,495,82.5
691,590,Trompignon,69,55,45,55,55,15,294,49
692,591,Gaulet,114,85,70,85,80,30,464,77.33
693,592,Viskuse,55,40,50,65,85,40,335,55.83
694,593,Moyade,100,60,70,85,105,60,480,80
695,594,Mamanbo,165,75,80,40,45,65,470,78.33
696,595,Statitik,50,47,50,57,50,65,319,53.17
697,596,Mygavolt,70,77,60,97,60,108,472,78.67
698,597,Grindur,44,50,91,24,86,10,305,50.83
699,598,Noacier,74,94,131,54,116,20,489,81.5
700,599,Tic,40,55,70,45,60,30,300,50
701,600,Clic,60,80,95,70,85,50,440,73.33
702,601,Cliticlic,60,100,115,70,85,90,520,86.67
703,602,Anchwatt,35,55,40,45,40,60,275,45.83
704,603,Lampéroie,65,85,70,75,70,40,405,67.5
705,604,Ohmassacre,85,115,80,105,80,50,515,85.83
706,605,Lewsor,55,55,55,85,55,30,335,55.83
707,606,Neitram,75,75,75,125,95,40,485,80.83
708,607,Funécire,50,30,55,65,55,20,275,45.83
709,608,Mélancolux,60,40,60,95,60,55,370,61.67
710,609,Lugulabre,60,55,90,145,90,80,520,86.67
711,610,Coupenotte,46,87,60,30,40,57,320,53.33
712,611,Incisache,66,117,70,40,50,67,410,68.33
713,612,Tranchodon,76,147,90,60,70,97,540,90
714,613,Polarhume,55,70,40,60,40,40,305,50.83
715,614,Polagriffe,95,130,80,70,80,50,505,84.17
716,615,Hexagel,80,50,50,95,135,105,515,85.83
717,616,Escargaume,50,40,85,40,65,25,305,50.83
718,617,Limaspeed,80,70,40,100,60,145,495,82.5
719,618,Limonde,109,66,84,81,99,32,471,78.5
720,618,Limonde de Galar,109,81,99,66,84,32,471,78.5
721,619,Kungfouine,45,85,50,55,50,65,350,58.33
722,620,Shaofouine,65,125,60,95,60,105,510,85
723,621,Drakkarmin,77,120,90,60,90,48,485,80.83
724,622,Gringolem,59,74,50,35,50,35,303,50.5
725,623,Golemastoc,89,124,80,55,80,55,483,80.5
726,624,Scalpion,45,85,70,40,40,60,340,56.67
727,625,Scalproie,65,125,100,60,70,70,490,81.67
728,626,Frison,95,110,95,40,95,55,490,81.67
729,627,Furaiglon,70,83,50,37,50,60,350,58.33
730,628,Gueriaigle,100,123,75,57,75,80,510,85
731,629,Vostourno,70,55,75,45,65,60,370,61.67
732,630,Vaututrice,110,65,105,55,95,80,510,85
733,631,Aflamanoir,85,97,66,105,66,65,484,80.67
734,632,Fermite,58,109,112,48,48,109,484,80.67
735,633,Solochi,52,65,50,45,50,38,300,50
736,634,Diamat,72,85,70,65,70,58,420,70
737,635,Trioxhydre,92,105,90,125,90,98,600,100
738,636,Pyronille,55,85,55,50,55,60,360,60
739,637,Pyrax,85,60,65,135,105,100,550,91.67
740,638,Cobaltium,91,90,129,90,72,108,580,96.67
741,639,Terrakium,91,129,90,72,90,108,580,96.67
742,640,Viridium,91,90,72,90,129,108,580,96.67
743,641,Boréas (Forme Avatar),79,115,70,125,80,111,580,96.67
744,641,Boréas (Forme Totémique),79,100,80,110,90,121,580,96.67
745,642,Fulguris (Forme Avatar),79,115,70,125,80,111,580,96.67
746,642,Fulguris (Forme Totémique),79,105,70,145,80,101,580,96.67
747,643,Reshiram,100,120,100,150,120,90,680,113.33
748,644,Zekrom,100,150,120,120,100,90,680,113.33
749,645,Démétéros (Forme Avatar),89,125,90,115,80,101,600,100
750,645,Démétéros (Forme Totémique),89,145,90,105,80,91,600,100
751,646,Kyurem,125,130,90,130,90,95,660,110
752,646,Kyurem Noir,125,170,100,120,90,95,700,116.66
753,646,Kyurem Blanc,125,120,90,170,100,95,700,116.66
754,647,Keldeo,91,72,90,129,90,108,580,96.67
755,648,Meloetta (Forme Chant),100,77,77,128,128,90,600,100
756,648,Meloetta (Forme Danse),100,128,90,77,77,128,600,100
757,649,Genesect,71,120,95,120,95,99,600,100
758,650,Marisson,56,61,65,48,45,38,313,52.17
759,651,Boguérisse,61,78,95,56,58,57,405,67.5
760,652,Blindépique,88,107,122,74,75,64,530,88.33
761,653,Feunnec,40,45,40,62,60,60,307,51.17
762,654,Roussil,59,59,58,90,70,73,409,68.17
763,655,Goupelin,75,69,72,114,100,104,534,89
764,656,Grenousse,41,56,40,62,44,71,314,52.33
765,657,Croâporal,54,63,52,83,56,97,405,67.5
766,658,Amphinobi,72,95,67,103,71,122,530,88.33
767,658,Sachanobi,72,145,67,153,71,132,640,106.67
768,659,Sapereau,38,36,38,32,36,57,237,39.5
769,660,Excavarenne,85,56,77,50,77,78,423,70.5
770,661,Passerouge,45,50,43,40,38,62,278,46.33
771,662,Braisillon,62,73,55,56,52,84,382,63.67
772,663,Flambusard,78,81,71,74,69,126,499,83.17
773,664,Lépidonille,38,35,40,27,25,35,200,33.33
774,665,Pérégrain,45,22,60,27,30,29,213,35.5
775,666,Prismillon,80,52,50,90,50,89,411,68.5
776,667,Hélionceau,62,50,58,73,54,72,369,61.5
777,668,Némélios,86,68,72,109,66,106,507,84.5
778,669,Flabébé,44,38,39,61,79,42,303,50.5
779,670,Floette,54,45,47,75,98,52,371,61.83
780,671,Florges,78,65,68,112,154,75,552,92
781,672,Cabriolaine,66,65,48,62,57,52,350,58.33
782,673,Chevroum,123,100,62,97,81,68,531,88.5
783,674,Pandespiègle,67,82,62,46,48,43,348,58
784,675,Pandarbare,95,124,78,69,71,58,495,82.5
785,676,Couafarel,75,80,60,65,90,102,472,78.67
786,677,Psystigri,62,48,54,63,60,68,355,59.17
787,678,Mistigrix,74,48,76,83,81,104,466,77.67
788,679,Monorpale,45,80,100,35,37,28,325,54.17
789,680,Dimoclès,59,110,150,45,49,35,448,74.67
790,681,Exagide (Forme Parade),60,50,140,50,140,60,500,83.33
791,681,Exagide (Forme Assaut),60,140,50,140,50,60,500,83.33
792,682,Fluvetin,78,52,60,63,65,23,341,56.83
793,683,Cocotine,101,72,72,99,89,29,462,77
794,684,Sucroquin,62,48,66,59,57,49,341,56.83
795,685,Cupcanaille,82,80,86,85,75,72,480,80
796,686,Sepiatop,53,54,53,37,46,45,288,48
797,687,Sepiatroce,86,92,88,68,73,75,482,80.33
798,688,Opermine,42,52,67,39,56,50,306,51
799,689,Golgopathe,72,105,115,54,86,68,500,83.33
800,690,Venalgue,50,60,60,60,60,30,320,53.33
801,691,Kravarech,65,75,90,97,123,44,494,82.33
802,692,Flingouste,50,53,62,58,63,44,330,55
803,693,Gamblast,71,73,88,120,89,59,500,83.33
804,694,Galvaran,44,38,33,61,43,70,289,48.17
805,695,Iguolta,62,55,52,109,94,109,481,80.17
806,696,Ptyranidur,58,89,77,45,45,48,362,60.33
807,697,Rexillius,82,121,119,69,59,71,521,86.83
808,698,Amagara,77,59,50,67,63,46,362,60.33
809,699,Dragmara,123,77,72,99,92,58,521,86.83
810,700,Nymphali,95,65,65,110,130,60,525,87.5
811,701,Brutalibré,78,92,75,74,63,118,500,83.33
812,702,Dedenne,67,58,57,81,67,101,431,71.83
813,703,Strassie,50,50,150,50,150,50,500,83.33
814,704,Mucuscule,40,50,35,55,75,40,300,50
815,705,Colimucus,68,75,53,83,113,60,452,75.33
816,706,Muplodocus,90,100,70,110,150,80,600,100
817,707,Trousselin,57,80,91,80,87,75,470,78.33
818,708,Brocélôme,43,70,48,50,60,38,309,51.5
819,709,Desséliande,85,110,76,65,82,56,474,79
820,710,Pitrouille (Taille Mini),44,66,70,44,55,56,335,55.83
821,710,Pitrouille (Taille Normale),49,66,70,44,55,51,335,55.83
822,710,Pitrouille (Taille Maxi),54,66,70,44,55,46,335,55.83
823,710,Pitrouille (Taille Ultra),59,66,70,44,55,41,335,55.83
824,711,Banshitrouye (Taille Mini),55,85,122,58,75,99,494,82.33
825,711,Banshitrouye (Taille Normale),65,90,122,58,75,84,494,82.33
826,711,Banshitrouye (Taille Maxi),75,95,122,58,75,69,494,82.33
827,711,Banshitrouye (Taille Ultra),85,100,122,58,75,54,494,82.33
828,712,Grelaçon,55,69,85,32,35,28,304,50.67
829,713,Séracrawl,95,117,184,44,46,28,514,85.67
830,714,Sonistrelle,40,30,35,45,40,55,245,40.83
831,715,Bruyverne,85,70,80,97,80,123,535,89.17
832,716,Xerneas,126,131,95,131,98,99,680,113.33
833,717,Yveltal,126,131,95,131,98,99,680,113.33
834,718,Zygarde (Forme 10%),54,100,71,61,85,115,486,81
835,718,Zygarde (Forme 50%),108,100,121,81,95,95,600,100
836,718,Zygarde (Forme Parfaite),216,100,121,91,95,85,708,118
837,719,Diancie,50,100,150,100,150,50,600,100
838,719,Méga-Diancie,50,160,110,160,110,110,700,116.67
839,720,Hoopa (Forme Enchaînée),80,110,60,150,130,70,600,100
840,720,Hoopa (Forme Déchaînée),80,160,60,170,130,80,680,113.33
841,721,Volcanion,80,110,120,130,90,70,600,100
842,722,Brindibou,68,55,55,50,50,42,320,53.33
843,723,Efflèche,78,75,75,70,70,52,420,70
844,724,Archéduc,78,107,75,100,100,70,530,88.33
845,725,Flamiaou,45,65,40,60,40,70,320,55.33
846,726,Matoufeu,65,85,50,80,50,90,420,70
847,727,Félinferno,95,115,90,80,90,60,530,88.33
848,728,Otaquin,50,54,54,66,56,40,320,53.33
849,729,Otarlette,60,69,69,91,81,50,420,70
850,730,Oratoria,80,74,74,126,116,60,530,88.33
851,731,Picassaut,35,75,30,30,30,65,265,44.17
852,732,Piclairon,55,85,50,40,50,75,355,59.17
853,733,Bazoucan,80,120,75,75,75,60,485,80.83
854,734,Manglouton,48,70,30,30,30,45,253,42.17
855,735,Argouste,88,110,60,55,60,45,418,69.97
856,736,Larvibule,47,62,45,55,45,46,300,50
857,737,Chrysapile,57,85,95,55,75,36,400,66.67
858,738,Lucanon,77,70,90,145,75,43,500,83.33
859,739,Crabagarre,47,82,57,42,47,63,338,56.33
860,740,Crabominable,97,132,77,62,67,43,478,79.67
861,741,Plumeline,75,70,70,98,70,93,476,79.33
862,742,Bombydou,40,45,40,55,40,84,304,50.67
863,743,Rubombelle,60,55,60,95,70,124,464,77.33
864,744,Rocabot,45,65,40,30,40,60,280,46.67
865,745,Lougaroc (Forme Diurne),75,115,65,55,65,112,487,81.17
866,745,Lougaroc (Forme Nocturne),85,115,75,55,75,82,487,81.17
867,745,Lougaroc (Forme Crépusculaire),75,117,65,55,65,110,487,81.17
868,746,Froussardine (Forme Solitaire),45,20,20,25,25,40,175,29.17
869,746,Froussardine (Forme Banc),45,140,130,140,135,30,620,103.33
870,747,Vorastérie,50,53,62,43,52,45,305,50.83
871,748,Prédastérie,50,63,152,53,142,35,495,82.5
872,749,Tiboudet,70,100,70,45,55,45,385,64.17
873,750,Bourrinos,100,125,100,55,85,35,500,83.33
874,751,Araqua,38,40,52,40,72,27,269,44.83
875,752,Tarenbulle,68,70,92,50,132,42,454,75.67
876,753,Mimantis,40,55,35,50,35,35,250,41.67
877,754,Floramantis,70,105,90,80,90,45,480,80
878,755,Spododo,40,35,55,65,75,15,285,47.5
879,756,Lampignon,60,45,80,90,100,30,405,67.5
880,757,Tritox,48,44,40,71,40,77,320,53.33
881,758,Malamandre,68,64,60,111,60,117,480,80
882,759,Nounourson,70,75,50,45,50,50,340,56.67
883,760,Chelours,120,125,80,55,60,60,500,83.33
884,761,Croquine,42,30,38,30,38,32,210,35
885,762,Candine,52,40,48,40,48,62,290,48.33
886,763,Sucreine,72,120,98,50,98,72,510,85
887,764,Guérilande,51,52,90,82,110,100,485,80.83
888,765,Gouroutan,90,60,80,90,110,60,490,81.67
889,766,Quartermac,100,120,90,40,60,80,490,81.67
890,767,Sovkipou,25,35,40,20,30,80,230,38.33
891,768,Sarmuraï,75,125,140,60,90,40,530,88.33
892,769,Bacabouh,55,55,80,70,45,15,320,53.33
893,770,Trépassable,85,75,110,100,75,35,480,80
894,771,Concombaffe,55,60,130,30,130,5,410,68.33
895,772,Type:0,95,95,95,95,95,59,534,89
896,773,Silvallié,95,95,95,95,95,95,570,95
897,774,Météno (Forme Météore),60,60,100,60,100,60,440,73.33
898,774,Météno (Forme Noyau),60,100,60,100,60,120,500,83.33
899,775,Dodoala,65,115,65,75,95,65,480,80
900,776,Boumata,60,78,135,91,85,36,485,80.83
901,777,Togedemaru,65,98,63,40,73,96,435,72.5
902,778,Mimiqui,55,90,80,50,105,96,476,79.33
903,779,Denticrisse,68,105,70,70,70,92,475,79.17
904,780,Draïeul,78,60,85,135,91,36,485,80.83
905,781,Sinistrail,70,131,100,86,90,40,517,86.17
906,782,Bébécaille,45,55,65,45,45,45,300,50
907,783,Écaïd,55,75,90,65,70,65,420,70
908,784,Ékaïser,75,110,125,100,105,85,600,100
909,785,Tokorico,70,115,85,95,75,130,570,95
910,786,Tokopiyon,70,85,75,130,115,95,570,95
911,787,Tokotoro,70,130,115,85,95,75,570,95
912,788,Tokopisco,70,75,115,95,130,85,570,95
913,789,Cosmog,43,29,31,29,31,37,200,33.33
914,790,Cosmovum,43,29,131,29,131,37,400,66.67
915,791,Solgaleo,137,137,107,113,89,97,680,113.33
916,792,Lunala,137,113,89,137,107,97,680,113.33
917,793,Zéroïd,109,53,47,127,131,103,570,95
918,794,Mouscoto,107,139,139,53,53,79,570,95
919,795,Cancrelove,71,137,37,137,37,151,570,95
920,796,Câblifère,83,89,71,173,71,83,570,95
921,797,Bamboiselle,97,101,103,107,101,61,570,95
922,798,Katagami,59,181,131,59,31,109,570,95
923,799,Engloutyran,223,101,53,97,53,43,570,95
924,800,Necrozma,97,107,101,127,89,79,600,100
925,800,Necrozma Crinière du Couchant,97,157,127,113,109,77,680,113.33
926,800,Necrozma Ailes de l'Aurore,97,113,109,157,127,77,680,113.33
927,800,Ultra-Necrozma,97,167,97,167,97,129,754,125.67
928,801,Magearna,80,95,115,130,115,65,600,100
929,802,Marshadow,90,125,80,90,90,125,600,100
930,803,Vémini,67,73,67,73,67,73,420,70
931,804,Mandrillon,73,73,73,127,73,121,540,90
932,805,Ama-Ama,61,131,211,53,101,13,570,95
933,806,Pierroteknik,53,127,53,151,79,107,570,95
934,807,Zeraora,88,112,75,102,80,143,600,100
935,808,Meltan,46,65,65,55,35,34,300,50
936,809,Melmetal,135,143,143,80,65,34,600,100
937,810,Ouistempo,50,65,50,40,40,65,310,51.67
938,811,Badabouin,70,85,70,55,60,80,420,70
939,812,Gorythmic,100,125,90,60,70,85,530,88.33
940,813,Flambino,50,71,40,40,40,69,310,51.67
941,814,Lapyro,65,86,60,55,60,94,420,70
942,815,Pyrobut,80,116,75,65,75,119,530,88.33
943,816,Larméléon,50,40,40,70,40,70,310,51.67
944,817,Arrozard,65,60,55,95,55,90,420,70
945,818,Lézargus,70,85,65,125,65,120,530,88.33
946,819,Rongourmand,70,55,55,35,35,25,275,45.83
947,820,Rongrigou,120,95,95,55,75,20,460,76.67
948,821,Minisange,38,47,35,33,35,57,245,40.83
949,822,Bleuseille,68,67,55,43,55,77,365,60.83
950,823,Corvaillus,98,87,105,53,85,67,495,82.5
951,824,Larvadar,25,20,20,25,45,45,180,30
952,825,Coléodôme,50,35,80,50,90,30,335,55.83
953,826,Astronelle,60,45,110,80,120,90,505,84.17
954,827,Goupilou,40,28,28,47,52,50,245,40.83
955,828,Roublenard,70,58,58,87,92,90,455,75.83
956,829,Tournicoton,40,40,60,40,60,10,250,41.67
957,830,Blancoton,60,50,90,80,120,60,460,76.67
958,831,Moumouton,42,40,55,40,45,48,270,45
959,832,Moumouflon,72,80,100,60,90,88,490,81.67
960,833,Khélocrok,50,64,50,38,38,44,284,47.33
961,834,Torgamord,90,115,90,48,68,74,485,80.83
962,835,Voltoutou,59,45,50,40,50,26,270,45
963,836,Fulgudog,69,90,60,90,60,121,490,81.67
964,837,Charbi,30,40,50,40,50,30,240,40
965,838,Wagomine,80,60,90,60,70,50,410,68.33
966,839,Monthracite,110,80,120,80,90,30,510,85
967,840,Verpom,40,40,80,40,40,20,260,43.33
968,841,Pomdrapi,70,110,80,95,60,70,485,80.83
969,842,Dratatin,110,85,80,100,80,30,485,80.83
970,843,Dunaja,52,57,75,35,50,46,315,52.5
971,844,Dunaconda,72,107,125,65,70,71,510,85
972,845,Nigosier,70,85,55,85,95,85,475,79.17
973,846,Embrochet,41,63,40,40,30,66,280,46.76
974,847,Hastacuda,61,123,60,60,50,136,490,81.67
975,848,Toxizap,40,38,35,54,35,40,242,40.33
976,849,Salarsen,75,98,70,114,70,75,502,83.67
977,850,Grillepattes,50,65,45,50,50,45,305,50.83
978,851,Scolocendre,100,115,65,90,90,65,525,87.5
979,852,Poulpaf,50,68,60,50,50,32,310,51.67
980,853,Krakos,80,118,90,70,80,42,480,80
981,854,Théffroi,40,45,45,74,54,50,308,51.33
982,855,Polthégeist,60,65,65,134,114,70,508,84.65
983,856,Bibichut,42,30,45,56,53,39,265,44.17
984,857,Chapotus,57,40,65,86,73,49,370,61.67
985,858,Sorcilence,57,90,95,136,103,29,510,85
986,859,Grimalin,45,45,30,55,40,50,265,44.17
987,860,Fourbelin,65,60,45,75,55,70,370,61.67
988,861,Angoliath,95,120,65,95,75,60,510,85
989,862,Ixon,93,90,101,60,81,95,520,86.67
990,863,Berserkatt,70,110,100,50,60,50,440,73.33
991,864,Corayôme,60,95,50,145,130,30,510,85
992,865,Palarticho,62,135,95,68,82,65,507,84.5
993,866,M. Glaquette,80,85,75,110,100,70,520,86.67
994,867,Tutétékri,58,95,145,50,105,30,483,80.5
995,868,Crèmy,45,40,40,50,61,34,270,45
996,869,Charmilly,65,60,75,110,121,64,495,82.5
997,870,Hexadron,65,100,100,70,60,75,470,78.33
998,871,Wattapik,48,101,95,91,85,15,435,72.5
999,872,Frissonille,30,25,35,45,30,20,185,30.83
1000,873,Beldeneige,70,65,60,125,90,65,475,79.17
1001,874,Dolman,100,125,135,20,20,70,470,78.33
1002,875,Bekaglaçon (Forme Tête de Gel),75,80,110,65,90,50,470,78.33
1003,875,Bekaglaçon (Forme Tête Dégel),75,80,70,65,50,130,470,78.33
1004,876,Wimessir (Femelle),70,55,65,95,105,85,475,79.17
1005,876,Wimessir (Mâle),60,65,55,105,95,95,475,79.17
1006,877,Morpeko,58,95,58,70,58,97,436,72.67
1007,878,Charibari,72,80,49,40,49,40,330,55
1008,879,Pachyradjah,122,130,69,80,69,30,500,83.33
1009,880,Galvagon,90,100,90,80,70,75,505,84.17
1010,881,Galvagla,90,100,90,90,80,55,505,84.17
1011,882,Hydragon,90,90,100,70,80,75,505,84.17
1012,883,Hydragla,90,90,100,80,90,55,505,84.17
1013,884,Duralugon,70,95,115,120,50,85,535,89.17
1014,885,Fantyrm,28,60,30,40,30,82,270,45
1015,886,Dispareptil,68,80,50,60,50,102,410,68.33
1016,887,Lanssorien,88,120,75,100,75,142,600,100
1017,888,Zacian (Héros Aguerri),92,130,115,80,115,138,670,111.67
1018,888,Zacian (Épée Suprême),92,170,115,80,115,148,720,120
1019,889,Zamazenta (Héros Aguerri),92,130,115,80,115,138,670,111.67
1020,889,Zamazenta (Bouclier Suprême),92,130,145,80,145,128,720,120
1021,890,Éthernatos,140,85,95,145,95,130,690,115
1022,890,Éthernatos (Infinimax),255,115,250,125,250,130,1125,187.5
1023,891,Wushours,60,90,60,53,50,72,385,64.17
1024,892,Shifours,100,130,100,63,60,97,550,91.67
1025,893,Zarude,105,120,105,70,95,105,600,100
1026,894,Regieleki,80,100,50,100,50,200,580,96.67
1027,895,Regidrago,200,100,50,100,50,80,580,96.67
1028,896,Blizzeval,100,145,130,65,110,30,580,96.67
1029,897,Spectreval,100,65,60,145,80,130,580,96.67
1030,898,Sylveroy,100,80,80,80,80,80,500,83.33
1031,898,Sylveroy (Cavalier du Froid),100,165,150,85,130,50,680,113.33
1032,898,Sylveroy (Cavalier d'Effroi),100,85,80,165,100,150,680,113.33
